program,gene
0,MKI67
0,PTMA
0,STMN1
0,HMGB1
0,H2AFZ
0,PTTG1
0,TUBB4B
0,NUSAP1
0,UBE2S
0,CKS1B
0,CENPF
0,PCLAF
0,SMC4
0,TPX2
0,PRC1
0,KPNA2
0,TMPO
0,CKS2
0,CENPW
0,CDKN3
0,CCNB1
0,BIRC5
0,ANLN
0,UBE2T
0,TOP2A
0,ASPM
0,TUBA1B
0,UBE2C
0,ARL6IP1
0,DTYMK
0,HMGB2
0,RANBP1
0,CKAP2
0,TYMS
0,RPL39L
0,H2AFV
0,DIAPH3
0,SMC2
0,HNRNPA3
0,TUBB
0,ANP32E
0,JPT1
0,HNRNPA2B1
0,DUT
0,DNMT1
0,ECT2
0,TUBA1C
0,HMGB3
0,NUCKS1
0,TM4SF1
1,RPS2
1,RPS18
1,EEF1A1
1,RPS14
1,RPS12
1,RPS8
1,RPL7A
1,RPS3
1,RPS3A
1,RPL32
1,RPS23
1,RPL5
1,RPL12
1,RPL26
1,RPS6
1,RPLP1
1,RPL13
1,RPL3
1,RPL11
1,RPL17
1,RPS15A
1,RPS24
1,RPL13A
1,RPS27A
1,RPL23
1,RPL7
1,RPS7
1,RPL15
1,RPL6
1,RPL18
1,RPL35A
1,RPL9
1,RPL39
1,RPS13
1,RPL18A
1,RPL14
1,RPL34
1,RPS17
1,RPS28
1,RPL41
1,RPS4X
1,RPS19
1,RPL37A
1,RPSA
1,RPL37
1,RPLP2
1,RPL27A
1,RPL29
1,RPLP0
1,RPL36A
2,DSTN
2,MFGE8
2,TRAM1
2,LMO7
2,FBLN1
2,COBLL1
2,TPD52L1
2,CALD1
2,H2AFJ
2,IGFBP4
2,COLEC12
2,HSPB3
2,COL12A1
2,TINAGL1
2,MYL12A
2,AMIGO2
2,DHRS3
2,ARID5B
2,ZFAND5
2,LYPD6B
2,GABARAPL1
2,MYOF
2,AP1S2
2,IGFBP7
2,PRELP
2,ANXA1
2,SBSPON
2,NTN4
2,ATP2A2
2,JAG1
2,ANO3
2,MYL12B
2,LBH
2,TMTC1
2,PODN
2,TWIST1
2,C1orf198
2,MFSD14A
2,SAMD5
2,SYNPO2
2,TSPAN3
2,LMO7-AS1
2,MYLK
2,PERP
2,BAG2
2,OLR1
2,CEBPD
2,CITED2
2,TMEM50A
2,GAS1
3,ZFAS1
3,ITSN1
3,TOP1
3,NR2F1-AS1
3,CHMP2B
3,ELOVL5
3,FER
3,AZIN1
3,LDLR
3,SNHG5
3,IPO9
3,ZNF148
3,DPY30
3,GPX8
3,YIPF5
3,FAM3C
3,GPX4
3,OSBPL1A
3,EIF4B
3,KDELR1
3,NPC2
3,RPL10A
3,MYPN
3,APH1B
3,ARFIP1
3,HLA-B
3,MEGF6
3,SHMT2
3,EEA1
3,BCL7B
3,UROD
3,CRABP2
3,SGIP1
3,DIO2
3,BACE2
3,RHOC
3,RPS14
3,TCIM
3,ATP5MD
3,GIT2
3,WNT5A
3,ZMYND8
3,FAM114A1
3,GTF2F2
3,PIGK
3,RSRP1
3,NDFIP2
3,HPRT1
3,ZFAND1
3,SBDS
4,ACTA2
4,TPM1
4,TAGLN
4,MYL9
4,CNN1
4,TPM2
4,COL4A1
4,ACTB
4,HSPB1
4,INHBA
4,LBH
4,LMOD1
4,ACTN1
4,MYL6
4,COL4A2
4,GLIPR1
4,NEXN
4,MYH9
4,WFDC1
4,TPM4
4,VCL
4,PALLD
4,KCTD20
4,KISS1
4,CALD1
4,PPME1
4,FLNA
4,CSRP1
4,COL11A1
4,FERMT2
4,CTPS1
4,IGFBP7
4,VIM
4,ENAH
4,ACTN4
4,ITGB1
4,HACD1
4,JAG1
4,CALU
4,PAWR
4,GBP1
4,HSD17B6
4,PXDN
4,SYNPO2
4,CNN2
4,ACTR3
4,KCNK6
4,PDLIM5
4,UCP2
4,FHL1
5,NPM1
5,HSP90AB1
5,TUBA1C
5,RAN
5,HSPA8
5,NME1
5,HSPD1
5,F3
5,HSPE1
5,ATP5MC3
5,ATP5MC1
5,ENO1
5,PDCD5
5,TPI1
5,RPL27
5,SEC61G
5,RPL35
5,EIF4A1
5,BASP1
5,RPL22L1
5,GLIPR1
5,RPS27A
5,CYCS
5,SNU13
5,GSTO1
5,SLC25A5
5,SERP1
5,HNRNPA1
5,PRDX1
5,NCL
5,HSP90AA1
5,MIF
5,SSB
5,PRMT1
5,C1QBP
5,TUBA1B
5,PGK1
5,HNRNPAB
5,POMP
5,DDX21
5,SSR3
5,NPM3
5,BID
5,PPA1
5,CCT8
5,YBX1
5,NIFK
5,SRM
5,TMEM14B
5,WDR1
6,HNRNPAB
6,CYLD
6,VGLL4
6,WDR82
6,OSBPL9
6,KDELR1
6,PDPK1
6,ANKHD1
6,TRMT10C
6,LAPTM4A
6,PSAP
6,SERTAD1
6,PPP1R18
6,GADD45A
6,NSD3
6,FBXO7
6,UBB
6,CRABP2
6,UBL3
6,ANKIB1
6,ACOT13
6,UXS1
6,DIAPH1
6,NUCB2
6,CENPX
6,ZNF106
6,REEP5
6,PAK2
6,KDELR2
6,CEP350
6,DYNC1H1
6,KIF1C
6,SERPINE2
6,AIG1
6,ASAP1
6,HLTF
6,SARNP
6,PTK7
6,SNHG16
6,MMP2
6,TMOD3
6,SLTM
6,BCAP31
6,CLTA
6,COX7A2L
6,GTF2H1
6,MRPL41
6,GPX8
6,MPC2
6,SEC11C
7,KRT17
7,NTN4
7,ARHGAP29
7,AKAP12
7,IGFBP5
7,TES
7,STC2
7,TGFB2
7,UGCG
7,FTH1
7,BTG1
7,TGFBR1
7,PLAAT3
7,COL8A1
7,ATP8B1
7,CTNNAL1
7,HTRA1
7,MRPS24
7,RAB32
7,PALLD
7,CCN2
7,WNT5A
7,YBX3
7,ARID5B
7,ADAMTS5
7,FBLN1
7,GALNT5
7,MRPL33
7,SLC25A4
7,ABCE1
7,FLNB
7,SELENOM
7,TFRC
7,BICC1
7,DAB2
7,MGARP
7,FAM200B
7,FSTL1
7,NUDT16
7,EDN1
7,CCDC107
7,TOMM7
7,ATP5MC1
7,HIF1A
7,NGF
7,UFD1
7,TINAGL1
7,NF2
7,SOD2
7,DANCR
8,CAV1
8,KRT19
8,KRT34
8,TLE4
8,DKK1
8,IGFBP4
8,PSG4
8,CDH2
8,DNAJB4
8,PSG5
8,SPDL1
8,CTSC
8,FRMD6
8,OXTR
8,LUM
8,DST
8,CITED2
8,RTN4
8,ASPH
8,RND3
8,NRG1
8,RGMB
8,PRDX6
8,TWIST2
8,CAV2
8,NR2F2
8,HSPB1
8,MCFD2
8,INPP4B
8,PAM
8,REXO2
8,SCN9A
8,PRSS12
8,ITGA6
8,KRTAP2-3
8,FGF2
8,ELL2
8,LOXL1
8,DKK3
8,RHOQ
8,CAVIN1
8,NEK7
8,RFLNB
8,RCAN1
8,PDGFC
8,ADAMTS1
8,NIPAL3
8,KRTAP1-5
8,RDH10
8,CALD1
9,ACTC1
9,ALCAM
9,CRYAB
9,KRT18
9,SULF1
9,DSTN
9,FEZ2
9,CDKN2C
9,GNAI1
9,IGFBP7
9,PLAC8
9,GNAS
9,PRSS23
9,LIMCH1
9,ID3
9,NQO1
9,RAB31
9,SHROOM3
9,FILIP1L
9,PDE4B
9,BGN
9,MBNL2
9,FADS2
9,SLC9A3R2
9,ELN
9,ID2
9,TM4SF1
9,EFEMP2
9,C1orf198
9,COX7A1
9,ITGB1
9,SDC2
9,SLC44A2
9,HCFC1R1
9,MYCBP2
9,SCD
9,STK38
9,OLR1
10,CUL4B
10,PLPPR4
10,LAMC1
10,AKAP13
10,CAMLG
10,SLC5A3
10,ZFAND1
10,KRT18
10,GPNMB
10,PPME1
10,DST
10,WNT5A
10,ARMC9
10,ALPK2
10,ASS1
10,MOXD1
10,USP53
10,SLC7A11
10,NABP1
10,ASPHD1
10,GDI1
10,WBP11
10,NSA2
10,B4GALT2
10,ANKRD13A
10,HIST1H2AC
10,FAM92A
10,NPC2
10,CTNNAL1
10,NT5DC1
10,TMEM9B
10,INPP4B
10,GPRC5A
10,L1CAM
10,GABARAPL1
10,KXD1
10,SQSTM1
10,STC2
10,IGFBP5
10,BMERB1
10,CYB5A
10,PUM1
10,PABPC1
10,AMFR
10,AMIGO2
10,GSTM3
10,AHCYL1
10,IMPDH2
10,CCDC127
10,FHL1
11,MMP3
11,COL12A1
11,CEBPB
11,SAT1
11,FADS3
11,STMN2
11,MMP2
11,CD99
11,FTL
11,IGFBP6
11,PKIG
11,VIM
11,SEMA3C
11,GLT8D2
11,AKAP12
11,CCBE1
11,OGFRL1
11,ID1
11,FBXO9
11,AP1S2
11,PHACTR2
11,MGST3
11,JAZF1
11,CPQ
11,MAGI2-AS3
11,S100A11
11,QSOX1
12,FTH1
12,IGFBP6
12,TIMP1
12,ITM2B
12,LUM
12,FTL
12,TMEM59
12,IFITM3
12,IGFBP7
12,MALAT1
12,B2M
12,CST3
12,ITGB1
12,NEAT1
12,CTSB
12,GABARAP
12,DKK3
12,GRN
12,PSAP
12,MMP2
12,LAPTM4A
12,MRC2
12,NPC2
12,SEZ6L2
12,YPEL3
12,SERF2
12,SERPINB7
12,GAS5
12,SAT1
12,ID2
12,TCF4
12,MT-CO1
12,PSG5
12,ATP6AP2
12,IFI6
12,EFEMP2
12,TPT1
12,RTN4
12,CTSA
12,EEF1A1
12,JUND
12,SELENOW
12,ANTXR1
12,CD151
12,HLA-C
12,PAM
12,HIST1H2AC
12,ITGA11
12,C12orf57
12,CD63
13,BBX
13,IGFBP6
13,FKBP9
13,PGD
13,PSENEN
13,CPQ
13,ECE1
13,TCF4
13,CRLS1
13,BICD1
13,SEPTIN10
13,CTSK
13,CFAP97
13,STAG1
13,HSPG2
13,ORAI3
13,JOSD2
13,FCHSD2
13,MAN2B2
13,IFT43
13,SH3PXD2A
13,RTN3
13,PPIB
13,APP
13,KANK1
13,EMP1
13,TGFBR2
13,CCPG1
13,AFF4
13,FAM172A
13,YTHDF3
13,CDK6
13,CDKN2A
13,FADS2
13,HERC1
13,ARFIP1
13,ITM2C
13,MAML2
13,SHOX
13,COL3A1
13,F2R
13,WBP11
13,SH3KBP1
13,BAZ1B
13,PSME1
13,SDCCAG8
13,CAST
13,EFEMP2
13,TIMM10
13,DHCR24
14,KRT18
14,MGARP
14,TNFRSF11B
14,CEMIP
14,ITM2B
14,TXNRD1
14,HEG1
14,OPN3
14,RDH10
14,SRGN
14,CEBPD
14,SPCS3
14,THBS2
14,OXTR
14,TGFBR1
14,CYB5A
14,SBSPON
14,GRAMD2B
14,TFPI
14,SPARC
14,TOMM7
14,ANXA5
14,LMO4
14,ATP5MG
14,AAMDC
14,KRT17
14,NFYB
14,COL3A1
14,PPIA
14,MARCKS
14,PRNP
14,IL6ST
14,HYI
14,S100A11
14,TPD52L1
14,IGFBP5
14,KLHL5
14,SULF1
14,LOXL1
14,LIPA
14,GJA1
14,LIMCH1
14,LIMA1
14,PDLIM1
14,DHRS3
14,GLRX
14,IFIT1
14,CTNNAL1
14,HEBP1
14,NID1
15,JUNB
15,PTGS2
15,SERPINB7
15,NRIP1
15,DKK1
15,LIPA
15,NDUFAF3
15,HERC4
15,AMIGO2
15,C1orf21
15,CAVIN3
15,SEPTIN10
15,TENT5A
15,DSEL
15,DSP
15,MYPN
15,CRIM1
15,CDH11
15,SNRNP200
15,ASPH
15,CTSK
15,CFL2
15,NEDD1
15,CCN1
15,CHPT1
15,HCFC1R1
15,CALR
15,PAPSS2
15,RECK
15,IFITM2
15,GNAS
15,RFLNB
15,FRMD6
15,C12orf75
15,STAG1
15,DCBLD1
15,SOCS5
15,FGF5
15,CD248
15,SYNPO2
15,DAB2
15,METTL9
15,FAM120AOS
15,ADK
15,CITED2
15,ANKRD13A
15,THBS1
15,RAB3B
15,BEX3
15,DDR2
16,CSRP2
16,MFGE8
16,SOX4
16,S100A4
16,LMO4
16,OSBPL8
16,SERPINB7
16,TTC3
16,CDH2
16,TCF4
16,SBSPON
16,ITGA4
16,HOXA13
16,FBN1
16,SYT1
16,CCN2
16,MMP2
16,AMIGO2
16,PRAG1
16,PABPC1
16,TERF1
16,SAT1
16,ELOVL5
16,EPS8
16,PKIG
16,NEDD1
16,ARHGAP29
16,INHBA
16,ANXA2
16,MXRA5
16,STMN2
16,RCAN1
16,MKX
16,STIM1
16,DNAJC21
16,GSN
16,CADM1
16,PSD3
16,COBLL1
16,MRPS6
16,RPS27L
16,GNAI1
16,OAF
16,LOX
16,SMIM14
16,SLC5A3
16,SYPL1
16,IL7R
16,MITF
16,LMO7-AS1
17,SOX4
17,ADAMTS5
17,MDK
17,MARCKSL1
17,PRSS23
17,TUBA1A
17,TMSB10
17,DKK1
17,COL3A1
17,TUBB3
17,H3F3A
17,FILIP1L
17,MAP1B
17,PTMA
17,AKAP12
17,RCAN1
17,TFDP2
17,FAM89B
17,RERE
17,STMN1
17,CRYAB
17,ANTXR1
17,NRG1
17,PLK2
17,SLFN5
17,APLP2
17,ITM2C
17,BTBD3
17,SRP14
17,AP1S2
17,FABP5
17,LBH
17,NRP2
17,CHMP2B
17,INHBA
17,LAPTM4A
17,DDAH2
17,NDUFS5
17,ATP1B1
17,SBSPON
17,PCOLCE
17,NEAT1
17,CCN2
17,CAMK2N1
17,CST3
17,TCF4
17,CCDC85B
17,SELENOW
17,CLEC11A
17,OCIAD2
18,MFAP5
18,TGFBI
18,SERPINE2
18,CRABP2
18,MT2A
18,EDN1
18,SLC7A5
18,CXCL12
18,SLC3A2
18,COL8A1
18,ARHGAP29
18,INHBA
18,LBH
18,MMP2
18,ID1
18,ELN
18,ITGA6
18,KCNK6
18,CAST
18,FUCA1
18,GAS6
18,COL4A1
18,PRDX6
18,NID2
18,GLIPR2
18,TMEM45A
18,TBX3
18,SPARC
18,ALDH1A1
18,TMSB10
18,PRSS23
18,AMIGO2
18,EMP2
18,HNRNPAB
18,ANTXR1
18,ANKRD12
18,HEG1
18,RFLNB
18,GNG11
18,CCND1
18,IER3
18,TES
18,TMX4
18,ETHE1
18,ITM2B
18,CD9
18,TXNIP
18,SUGCT
18,UBL3
19,HLA-B
19,B2M
19,PSMB9
19,PSME2
19,HLA-C
19,PSME1
19,HLA-A
19,PSMB10
19,GBP1
19,NR2F1
19,PSMB8
19,VAMP5
19,PARP14
19,LAP3
19,PTN
19,CYB5A
19,GBP3
19,TRIM22
19,ITM2B
19,OPTN
19,IFITM3
19,ISG15
19,CAV1
19,GUK1
19,PSMA4
19,PSMA3
19,DNAJA1
19,POMP
19,RNF213
19,BLVRA
19,IFI6
19,FAM20C
19,ITGA8
19,NUB1
19,CD47
19,PFKP
19,PRNP
19,TPGS2
19,SEPTIN6
19,PSMA2
19,PDLIM1
19,DRAM1
19,PSMA5
19,WARS
19,LY6E
19,PAPPA
19,OLFML3
19,NFKBIA
19,PYCARD
19,PSMA6
20,SFRP1
20,TINAGL1
20,IGFBP7
20,IL11
20,IGFBP5
20,ANGPT1
20,GLIPR1
20,TCIM
20,RDH10
20,SERPINE2
20,ANO3
20,HEATR5A
20,CHN1
20,NRG1
20,MYCBP2
20,ARSK
20,CCN2
20,FSTL1
20,PLK2
20,CAMK2N1
20,DKK3
20,RASSF8
20,DRAM1
20,SLIT2
20,NDUFA12
20,RAP1B
20,TRAM2
20,STAMBPL1
20,CNN3
20,CSRP1
20,CST3
20,NT5E
20,C1orf21
20,HSPG2
20,TUBA1A
20,PTGS1
20,JCAD
20,SSPN
20,LSM6
20,ODF2L
20,TMSB10
20,CTNNAL1
20,PTMA
20,BIRC2
20,ITGA11
20,CITED2
20,PDLIM4
20,CDC16
21,FTL
21,NQO1
21,TXN
21,FTH1
21,TXNRD1
21,SLC7A11
21,TALDO1
21,TKT
21,PRDX1
21,SQSTM1
21,GCLM
21,MGST1
21,HINT1
21,PGD
21,UCHL1
21,G6PD
21,AKR1B1
21,CTSC
21,NFE2L2
21,ASPH
21,GSTM3
21,PTGR1
21,SERPINE2
21,GSTP1
21,ANGPT1
21,GLRX
21,DSEL
21,SLC3A2
21,HMGA1
21,RAB5IF
21,PCDH10
21,PAPPA
21,CYB5A
21,PAPSS2
21,NABP1
21,CTSL
21,SOD1
21,ETFB
21,RND3
21,LBH
21,BAG2
21,ANXA1
21,LHFPL6
21,ARHGAP29
21,TSHZ1
21,DIO2
21,PLOD2
21,DUSP5
22,MGP
22,TMX4
22,EPB41L4A-AS1
22,PMP22
22,GAS1
22,TSC22D1
22,YPEL5
22,DSTN
22,H2AFJ
22,PHACTR2
22,FAM172A
22,FBLN1
22,GLIPR1
22,PALLD
22,ZFAS1
22,INHBA
22,DCN
22,JUNB
22,ALCAM
23,MME
23,SERPINE2
23,WNT5A
23,HEBP2
23,COLEC12
23,ADM
23,RDH10
23,FBLN5
23,CAMK2N1
23,CAST
23,MARCKS
23,ANXA1
23,ANXA2
23,TPD52L1
23,SERTAD4-AS1
23,ARHGAP29
23,THBS1
23,HSP90B1
23,TOX
23,SGK1
23,RNASET2
23,AK3
23,FSTL1
23,JAZF1
23,KLHL5
23,MYCBP2
23,AP5M1
23,PAPPA
23,DPYSL2
23,BAG2
23,PRRX1
23,RAP1B
23,SWAP70
23,MAP1B
23,ANTXR1
23,GNAI1
23,NUAK1
23,MAB21L1
23,UTRN
23,MTCL1
23,DHRS3
23,ANXA4
23,STIM1
23,ANXA5
23,F3
23,NRP1
23,NIBAN1
23,MGST2
23,IDH1
23,UGCG
24,RHOBTB3
24,IFITM3
24,ALCAM
24,CSRP2
24,IFITM2
24,NR2F1
24,NIBAN1
24,PRSS23
24,MARCKS
24,MYCBP2
24,FBLN1
24,TNS3
24,COL8A1
24,CYB5A
24,ANO3
24,IGFBP7
24,S100A10
24,TINAGL1
24,GPX4
24,DPYSL2
24,CEBPD
24,LAP3
24,C1R
24,DCN
24,NID2
24,UTRN
24,SLC38A2
24,CAP2
24,PCOLCE
24,ATP2B1
24,HCFC1R1
24,AP2M1
24,SLC38A1
24,LMO7-AS1
24,TPT1
24,GLRX
24,THBS1
24,TNPO1
24,LAPTM4A
24,ITGA8
24,RAB13
24,PRRX1
24,SCO1
24,SKIL
24,FAM110B
24,HDDC2
24,LAMB2
24,CYBA
24,CYBRD1
24,SH2D4A
25,FN1
25,IGFBP7
25,DSP
25,SCUBE3
25,SPOCK1
25,TIMP1
25,SULF1
25,THBS1
25,MRAS
25,COL1A1
25,IGFBP6
25,COL5A1
25,TPI1
25,MIF
25,SLC7A5
25,DIO2
25,S100A13
25,NUAK1
25,MARCKS
25,P4HA1
25,LDHA
25,ENAH
25,SYNE1
25,CAVIN1
25,ITGB1
25,CCN2
25,ARSJ
25,VMP1
25,PGK1
25,BNIP3
25,OSTC
25,ASS1
25,SEPTIN11
25,ADM
25,TNC
25,FERMT2
25,RPL41
25,FSTL1
25,RRAS2
25,GJA1
25,TMEM45A
25,FBN1
25,FHL2
25,SSR3
25,P4HA2
25,COL1A2
25,HSPB1
25,CERCAM
25,TMEM14A
25,PHACTR2
26,CLU
26,PRNP
26,HEG1
26,KRT18
26,GATA2
26,PAPPA
26,CUL4B
26,SERPINE2
26,NPC2
26,COL3A1
26,HLA-C
26,KRT19
26,CYB5R1
26,PSAP
26,TIMP1
26,CDH13
26,TRIM56
26,TALDO1
26,SAMD12
26,CYTOR
26,FAM3C
26,MYL9
26,GAPDH
26,SNHG8
26,LOXL1
26,SNHG7
26,MYH10
26,NOB1
26,GRN
26,LSM5
26,IER3
27,COL6A1
27,CAV1
27,S100A6
27,COL6A2
27,COL6A3
27,CHN1
27,TIMP1
27,SERPINE1
27,INHBA
27,TGFBI
27,COL1A2
27,PALLD
27,CEMIP
27,MMP2
27,COL1A1
27,IL11
27,ARID5B
27,ELN
27,LGALS1
27,COL3A1
27,GAS6
27,MEG3
27,NREP
27,CLMP
27,CDC42EP3
27,SNAI2
27,SYTL2
27,JUNB
27,IRF2BP2
27,MYO10
27,HMGA1
27,MYH10
27,SH3BGRL3
27,GLS
27,WNT5A
27,ADM
27,STK17A
27,SMAD3
27,SCUBE3
27,LGALS3
27,TUBA1A
27,IL6ST
27,OSR2
27,TGFB1
27,ANXA5
27,TPM4
27,CTHRC1
27,RPL22L1
27,RAI14
27,FBLN2
28,MT-CO2
28,MT-CO3
28,MT-ND4
28,MT-ATP6
28,MT-CO1
28,MT-CYB
28,AKAP12
28,MT-ND3
28,MT-ND5
28,MT-ND2
28,UGCG
28,MT-ND1
28,RPL22L1
28,CTSL
28,CHCHD10
28,CCL2
28,GLRX
28,RUVBL1
28,GCSH
28,DDT
28,STC2
28,FABP5
28,TFRC
28,BST1
28,EGFR
28,MRPL34
28,DBI
28,MGST1
28,EIF5A
28,SLC20A1
28,SGK1
28,GREM1
28,CS
28,CYB5A
28,COL6A3
28,LIMA1
28,CDH13
28,CAMK2N1
28,FAM200B
28,EREG
28,MYH9
28,CCT4
28,RPL7A
28,ATP5MC1
28,ARID5B
28,NNMT
28,LDHB
28,PHLDA1
28,PPME1
28,ATIC
29,CRABP2
29,NR2F1
29,ID1
29,ATP2B1
29,TBX3
29,SOCS5
29,LY6E
29,COLEC12
29,EPS8
29,TCF4
29,PTMS
29,SULF1
29,CD44
29,FRMD6
29,TWIST2
29,CCDC85B
29,UACA
29,MRC2
29,IER5L
29,MXRA5
29,PCOLCE
29,TRNP1
29,CLMP
29,CCDC71L
29,PBX1
29,TTC3
29,SLC38A2
29,TNFRSF11B
29,DPYSL2
29,AEBP1
29,GJA1
29,EVA1B
29,MARCKS
29,PRRX1
29,INPP4B
29,SLFN5
29,FBLN2
29,NRP1
29,PRAG1
29,TMTC1
29,OGFRL1
29,PIK3R1
29,SLC9A3R2
29,AMD1
29,TRAM1
29,OAF
29,GNAI2
29,FLT1
29,SERPINB7
29,SSC5D
30,FHL1
30,MALAT1
30,NEAT1
30,TPM2
30,TCEAL4
30,MYLK
30,DUSP1
30,CALD1
30,RPS27L
30,CRIM1
30,ATP2B4
30,LIMCH1
30,FSTL1
30,FAT1
30,THY1
30,LAYN
30,LMCD1
30,CAMK2N1
30,MFAP5
30,CRYAB
30,LIMA1
30,SYNPO2
30,KCTD20
30,AHNAK
30,GLS
30,LOXL2
30,MRVI1
30,OXTR
30,AP2M1
30,FLNC
30,GABARAPL1
30,TCEAL3
30,FILIP1L
30,SSPN
30,LATS2
30,TCF7L1
30,ITGB1
30,IL6ST
30,GSN
30,SOCS5
30,ELL2
30,RPL37A
30,ROCK2
30,ADM
30,RPL27A
30,NDUFA4
30,TPM1
30,UCHL1
30,MEG3
30,LEPROT
31,S100A4
31,ADIRF
31,IGFBP6
31,S100A10
31,S100A6
31,LUM
31,KRT18
31,S100A13
31,LGALS3
31,LGALS1
31,CD9
31,IFITM2
31,DCN
31,PRELP
31,ANXA1
31,ITGA4
31,TLE4
31,CKB
31,ARPC1B
31,CCND1
31,NQO1
31,HLA-C
31,CLEC11A
31,PLAAT3
31,APLP2
31,SERPINB6
31,STMN2
31,CAVIN3
31,SERINC2
31,ADAMTSL4
31,PCDH10
31,CXCL12
31,KISS1
31,AHNAK
31,PPFIBP1
31,CLTB
31,TIMP2
31,LMNA
31,MYOF
31,BGN
31,JUND
31,CCDC85B
31,PHLDA2
31,CAST
31,ITGA6
31,ARL6IP5
31,SAV1
31,AHNAK2
31,KDSR
31,KRT19
32,COL1A2
32,SPARC
32,COL12A1
32,COL3A1
32,COL5A2
32,PCDH10
32,COL8A1
32,COL1A1
32,LOXL2
32,FGF2
32,FTL
32,COBLL1
32,PAPSS2
32,SNHG8
32,CCDC80
32,PPIC
32,TTC3
32,CDH2
32,LOX
32,FSTL1
32,ARMC4
32,THBS2
32,ADAMTS5
32,MKX
32,PSD3
32,GNAI1
32,COL11A1
32,MBNL2
32,VKORC1
32,FBN1
32,FAM43A
32,RAP1B
32,SERF2
32,TAX1BP1
32,PRSS12
32,EPHA4
32,CUX1
32,COL5A1
32,HDLBP
32,RCAN1
32,DPYSL2
32,NIBAN1
32,TTC39C
32,NRG1
32,CERCAM
32,FRMD6
32,OAZ1
32,RARB
32,JTB
32,FRY
33,COL4A1
33,CCDC80
33,ANGPT1
33,NREP
33,COL4A2
33,HEG1
33,ENAH
33,FAM3C
33,TGFB2
33,MAP7D3
33,PALLD
33,TUBB2A
33,PLOD2
33,FSTL1
33,UGCG
33,TAGLN
33,MAP3K20
33,LOX
33,LGALS3
33,FBN1
33,LIMS1
33,PERP
33,NABP1
33,FAM89A
33,TUBA1A
33,FLNB
33,CSRP1
33,EDN1
33,MARCKS
33,PMP22
33,DYNLT1
33,MYL12B
33,SERTAD4-AS1
33,ATP13A3
33,HSPB3
33,C4orf3
33,LAMC1
33,GADD45B
33,TNFRSF11B
33,C1orf21
33,AFAP1
33,NGF
33,PGRMC2
33,PLAC8
33,ADAM19
33,FRMD4A
33,C5orf24
33,CHN1
33,STAT1
33,CNN3
34,CCDC80
34,GREM1
34,SERPINE1
34,PAPPA
34,SEPTIN11
34,ID3
34,NNMT
34,RCAN1
34,IGFBP4
34,MICAL2
34,KISS1
34,CTSB
34,NRP2
34,RAB3B
34,DAB2
34,PLOD2
34,CNN1
34,VGLL3
34,FAP
34,CTNNAL1
34,MGST1
34,WNT5A
34,GAS6
34,HSPB1
34,MIF
34,TOMM7
34,SACS
34,ITGA3
34,TXNIP
34,TGFBR1
34,SH3BGRL3
34,ATP2B4
34,HIF1A
34,YBX3
34,LOXL1
34,COMMD6
34,TAGLN
34,RRAS2
34,COL1A2
34,DIO2
34,PERP
34,TMEM47
34,ZFP36L1
34,IGFBP6
34,MGST3
34,SMURF2
34,GLIPR1
34,ADI1
34,GALNT2
34,DSEL
35,S100A10
35,DIO2
35,DKK1
35,SERPINB7
35,FTH1
35,S100A6
35,PRSS23
35,NT5E
35,IL7R
35,AP1S2
35,CTSB
35,VEGFC
35,SERPINE2
35,CD47
35,PABPC1
35,CCNI
35,FLT1
35,HOXA13
35,FTL
35,C15orf61
35,ADAMTS1
35,PMP22
35,SKIL
35,ROBO2
35,SYT1
35,ARHGAP29
35,SEMA5A
35,PCDH10
35,GLRX
35,TOX
35,ATP2A2
35,BASP1
35,SLC16A7
35,AHNAK2
35,ARID5B
35,ELOVL5
35,COL5A2
35,UGCG
35,FAM207A
35,KCNE4
35,ELL2
35,FAM3C
35,COL11A1
35,ATP5MG
35,NCOA7
35,HSPB3
35,CMBL
35,GPX4
35,BAG2
35,HMGB1
36,PLAGL1
36,HSPB6
36,FTL
36,LOXL1
36,IL11
36,ATP2B1
36,SERPINB7
36,PTK7
36,COL1A1
36,SERPINE1
36,TKT
36,RAB3B
36,CD248
37,IGFBP2
37,MFAP5
37,IGFBP7
37,KRT17
37,GCLM
37,PRSS12
37,YBX3
37,RDH10
37,CTSB
37,DRAM1
37,FBN1
37,MT2A
37,HTRA1
37,BLCAP
37,C11orf74
37,RPL41
37,SSH1
37,HSPG2
37,ELN
37,MT-CO1
37,SLC7A11
37,MGARP
37,IFT43
37,TPM2
37,CNN1
37,HSPB1
37,ANKHD1
37,FHL2
37,FBXO9
37,SERPINE1
37,SH3PXD2A
37,ITGBL1
37,ZEB2
37,PIGK
37,SNHG7
37,BTG1
37,IGFBP4
37,DYNLL1
37,ERGIC1
37,LOX
37,LINC02762
37,LBH
37,COL1A2
37,EHD3
37,ARL4D
37,PARVB
37,RFLNB
37,VEGFC
37,NSD3
37,NOLC1
38,ID3
38,SEPTIN11
38,ANXA1
38,COL11A1
38,PCDH10
38,ITGA1
38,HMGB1
38,SCUBE3
38,NDUFC2
38,APLP2
38,AMD1
38,OAF
38,ID1
38,KRT18
38,ID2
38,FEZ2
38,CHN1
38,MRAS
38,TLE4
38,NR2F2
38,OXTR
38,ZFAND5
38,UNC5B
38,SMAD7
38,DYNLT3
38,CDH2
38,GNAS
38,KRT17
38,PCDH18
38,SNAI2
38,MARCKS
38,THBS1
38,MXRA5
38,GNAI1
38,PRRX2
38,RARB
38,LMO7
38,ITGA8
38,ANO3
38,CXXC5
38,MBNL2
38,CLEC11A
38,SLC44A1
38,TNNT1
38,SOCS2
38,SHROOM3
38,PYCARD
38,TOX
38,CCDC71L
38,AEBP1
39,TIMP3
39,STMN2
39,MFAP5
39,SYNPO2
39,ITGA6
39,NREP
39,TPM2
39,HSPB3
39,LMO4
39,CNN1
39,NRP2
39,PERP
39,COBLL1
39,OCIAD2
39,RPLP1
39,EMB
39,ATP2B1
39,TUBB2A
39,IGFBP6
39,OSTC
39,TAGLN
39,SGK1
39,GPRC5A
39,FHL2
39,LAPTM4A
39,GNAI1
39,NDFIP2
39,FILIP1L
39,CAV2
39,TNFRSF11B
39,FOXN3
39,NT5E
39,F3
39,LRRFIP2
39,GOPC
39,NUPR1
39,CDH13
39,HSD17B6
39,DYNLT3
39,SLC25A4
39,CFL2
39,ANXA5
40,TNFRSF11B
40,ITGBL1
40,ANXA1
40,ACSL3
40,SERPINE2
40,CD9
40,FGF5
40,FBLN1
40,INHBA
40,UPF3A
40,PAPPA
40,TAGLN2
40,TUBA1C
40,DCN
40,GALNT5
40,IGFBP5
40,IGFBP7
40,NTN4
40,GAS6
40,PLAT
40,TGFBR2
40,CD59
40,ARHGAP18
40,S100A6
40,BASP1
40,IVNS1ABP
40,GOLIM4
40,ST3GAL5
40,CCBE1
40,RAB11FIP1
40,SUGCT
40,TXNIP
40,MYO1B
40,MRPS6
40,MAP1A
40,ALCAM
40,SPOCK1
40,CENPV
40,MGLL
40,PTN
40,TMX4
40,SEMA3D
40,KCNE4
40,NID2
40,RECK
40,PRDX1
40,CLTB
40,CTSC
40,ODC1
40,ETS2
41,TGM2
41,TGFBI
41,HSPB6
41,GNG11
41,TPM1
41,COL3A1
41,INHBA
41,MAP1B
41,NRP2
41,MMP2
41,ANTXR1
41,ANGPT1
41,PALLD
41,GAS6
41,THBS1
41,IGFBP4
41,RAI14
41,TGFBR1
41,F3
41,CTHRC1
41,ATP2B1
41,CRISPLD2
41,FOXD1
41,PLAT
41,EPAS1
41,FLNB
41,LACTB
41,OLFML3
41,HIF1A
41,NFKBIZ
41,UACA
41,SSR3
41,CALU
41,FRMD6
41,REXO2
41,MICAL2
41,B4GALT1
41,ITGB5
41,PAPPA
41,CLMP
41,KCNE4
41,EMP2
41,KCNK6
41,UBE2J1
41,CXCL12
41,YWHAZ
41,DNAJB6
41,NR2F2
41,CEMIP2
41,ARPC5
42,MMP1
42,TNFRSF11B
42,ADM
42,FGF2
42,PRNP
42,TWIST2
42,CLMP
42,PCDH10
42,RND3
42,TMEM47
42,ANXA5
42,BMP2K
42,GLT8D2
42,ITGA6
42,TPBG
42,PDE4B
42,EREG
42,TTC39C
42,SRGAP1
42,PAPSS2
42,SLC16A7
42,MTCL1
42,HTRA1
42,STAT1
42,GCNT1
42,TRA2A
42,QSOX1
42,TFPI
42,SLFN5
42,CEBPB
42,SUB1
42,AEBP1
42,SLTM
42,ADAM10
42,ELL2
42,RIPK2
42,PHACTR2
42,COL5A2
42,PDIA3
42,TUFM
42,CCDC71L
42,NUCB1
42,ANPEP
42,ARRDC4
42,IL6ST
42,GNPNAT1
42,DCAF6
42,DTWD1
42,COX7A1
42,DAB2
43,ALDH1A1
43,IGFBP5
43,STMN2
43,APLP2
43,ELN
43,THBS1
43,NREP
43,COL6A3
43,USP53
43,C12orf75
43,CEMIP
43,TMEM47
43,PSG5
43,OSR2
43,CCN2
43,GREM1
43,SEMA3D
43,SLC8A1
43,CTHRC1
43,PRSS12
43,AC037198.1
43,GAS1
43,RUNX1
43,SHOX
43,DKK1
43,SULF1
43,GRAMD2B
43,RAB3B
43,STC2
43,TAGLN
43,SLC7A5
43,RIPOR2
43,TPM4
43,SLIT2
43,SASH1
43,ATP2A2
43,RAI14
43,SIPA1L1
43,RCAN1
43,MRC2
43,APPL2
43,GNAS
43,JUND
43,BEX4
43,BDNF
43,AP1S2
43,UCHL1
43,ADAMTS1
43,GJA1
43,SCN9A
44,TMSB4X
44,VIM
44,CXCL12
44,TINAGL1
44,CD99
44,EPAS1
44,SERTAD4-AS1
44,SGK1
44,ANXA1
44,SERF2
44,NNMT
44,S100A10
44,PLK2
44,ANXA2
44,TIMP1
44,TGFBI
44,AP1S2
44,GJA1
44,OAF
44,LOXL2
44,AHNAK
44,RBM3
44,TGFBR1
44,S100A6
44,TMEM173
44,ELN
44,SEPTIN11
44,TMSB10
44,RHOA
44,COL4A2
44,PPDPF
44,KCNE4
44,CDC42EP3
44,MTCH1
44,TCF7L1
44,NDUFA4
44,ITGA8
44,LMO7-AS1
44,FLT1
44,PPME1
45,IGFBP3
45,RNASET2
45,F3
45,SULF1
45,DKK1
45,AP1S2
45,BRI3
45,ANKIB1
45,LOX
45,VEGFC
45,IL7R
45,SGK1
45,SPOCK1
45,HSPB1
45,SYNPO2
45,SH2D4A
45,GLS
45,TPD52L1
45,FLT1
45,SEPTIN11
45,SEMA3C
45,SCO1
45,SDC2
45,CCN2
45,NEK7
45,COL12A1
45,STAMBPL1
45,WWC2
45,GYG1
45,UGCG
45,TINAGL1
45,NAV3
45,NUAK1
45,RCAN1
45,SCUBE3
45,LMO4
45,ROCK1
45,KLF2
45,TMEM173
45,ATP13A3
45,GATAD1
45,TPT1
45,MYCBP2
45,CERCAM
45,PHTF2
45,BMP2K
45,MYL9
45,PIK3R1
45,SELENOW
45,CDH11
46,DUSP5
46,CTSB
46,RDH10
46,SERPINE1
46,ERLEC1
46,ARSJ
46,MSRB3
46,PPME1
46,IMP3
46,DTYMK
46,DNAJB4
46,ANKIB1
46,COL6A1
46,PFDN6
46,SCAF11
46,RGS10
46,FSCN1
46,VCL
46,FOSL1
46,PTPN1
46,GTF2F2
46,EIF1AX
46,SGMS2
46,DDAH1
46,BTG1
46,CNN1
46,FGF5
46,SLC16A7
46,F3
46,TMEM230
46,SDC2
46,RFLNB
46,UFD1
46,TUBB2A
46,PTGS2
46,ZFHX4
46,CD109
46,HSD17B6
46,COPS2
46,LARP4B
46,TXNRD1
46,TUBB6
46,IKBIP
46,SLC25A24
46,SMS
46,HNRNPDL
46,MINDY2
46,CCT8
46,PSMA1
46,QSOX1
47,EIF1
47,COL1A1
47,PSAT1
47,GAS5
47,NUPR1
47,MTHFD2
47,SLC3A2
47,EIF2S2
47,GARS
47,EIF4EBP1
47,PHGDH
47,ATF4
47,SLC38A1
47,ALDH1L2
47,DDIT4
47,RSL24D1
47,ASS1
47,SARS
47,TARS
47,NARS
47,FTH1
47,PRDX6
47,TCEA1
47,HAX1
47,KLHL5
47,XPOT
47,EPRS
47,WARS
47,SLC1A5
47,SLC7A11
47,IARS
47,CEBPB
47,SERPINH1
47,CEBPG
47,BCAT1
47,SHMT2
47,ERP29
47,ZFAS1
47,GLS
47,CCNI
47,GJA1
47,CXXC5
47,SLC7A5
47,TPT1
47,UCHL1
47,COX7A2L
47,EPB41L4A-AS1
47,EEF1A1
47,SNHG5
47,COL5A1
48,VIM
48,MT2A
48,CCND1
48,ITGB1
48,MT1E
48,HMGA1
48,DSEL
48,CALM2
48,SH3BGRL3
48,EMP3
48,TNFRSF12A
48,THY1
48,ANPEP
48,HSP90AA1
48,TXN
48,LMNA
48,DRAP1
48,HMGN2
48,ALCAM
48,SERPINB7
48,TSPAN5
48,FEZ2
48,CLIC1
48,CTSC
48,ARPC1B
48,RAB3B
48,GSTO1
48,ANGPT1
48,ARHGAP18
48,HOMER3
48,KISS1
48,PSMD2
48,PTN
48,AXL
48,SSR3
48,LOXL1
48,RGMB
48,KRT18
48,C5orf30
48,TUBB3
48,CD63
48,LGALS1
48,HERC4
48,TSPAN4
48,NET1
48,UBL3
48,MSN
48,IGFBP4
48,POLR2L
48,PLIN3
49,ACTB
49,S100A10
49,TMSB10
49,PFN1
49,ACTG1
49,C12orf75
49,LDHA
49,LGALS1
49,MYL6
49,CFL1
49,S100A11
49,TAGLN2
49,CALM1
49,TUBA1A
49,SH3BGRL3
49,MYL12B
49,SEPTIN11
49,ANXA2
49,CLIC1
49,RHOC
49,CSRP1
49,PTMS
49,CAVIN1
49,TPM1
49,TUBB
49,LMNA
49,NEDD8
49,PHLDA2
49,GAPDH
49,YWHAH
49,CAP1
49,ARPC2
49,TUBA1B
49,PPIA
49,NT5E
49,S100A16
49,MGLL
49,GNAI2
49,TUBB6
49,MIR100HG
49,CAVIN3
49,CCN1
49,MYOF
49,TAGLN
49,SEPTIN7
49,MAP1B
49,IGFBP7
49,MYL12A
49,ACTR3
49,YWHAZ
50,CALR
50,COTL1
50,LIMA1
50,PDIA6
50,TPM4
50,ARPC2
50,ACTR2
50,BZW1
50,XRCC5
50,EIF4G2
50,HNRNPA2B1
50,SF3B6
50,ARPC3
50,RPS27L
50,HNRNPA3
50,PSMA7
50,ACTN4
50,PTS
50,BZW2
50,IL7R
50,NQO1
50,SEM1
50,XPO1
50,RTRAF
50,SRSF3
50,CFL1
50,SYNCRIP
50,RRBP1
50,EZR
50,SEC61B
50,CAP1
50,YBX1
50,DAB2
50,SET
50,RAP1B
50,DUSP6
50,SNRPD1
50,CCT4
50,COL5A2
50,SLC4A7
50,ANXA5
50,PDIA4
50,TMSB10
50,TXNDC17
50,BCAT1
50,PLAUR
50,YWHAB
50,DBI
50,PRELID1
50,VCL
51,KRT17
51,RRM1
51,RPA3
51,PHLDA2
51,KCNK6
51,ANLN
51,CCBE1
51,MYL9
51,TMX4
51,MAP1A
51,EMP2
51,FSCN1
51,MZT1
51,TCEAL3
51,CORO1C
51,UGP2
51,RACK1
51,POLR2L
51,EWSR1
51,NF2
51,LINC00667
51,FOXP1
51,ACTA2
51,SGIP1
51,INHBA
51,ATP5PF
51,EDN1
51,FGF5
51,SECISBP2L
51,OIP5-AS1
51,SLC30A5
51,CRABP2
51,MYLK
51,UBA6
51,EFNB2
51,CACYBP
51,TATDN1
51,VDAC1
51,NT5DC2
51,H2AFV
51,SARNP
51,NUSAP1
51,SDF2L1
51,UQCRH
51,CSRP1
51,ELOC
51,PSMB8
51,BTBD10
51,CCN1
51,LARP7
52,SNRPF
52,PA2G4
52,SERBP1
52,HSP90B1
52,RPS17
52,RPL22L1
52,PHB
52,ENO1
52,CCT6A
52,LY6K
52,RBM3
52,CORO1C
52,PSMA2
52,LOXL2
52,EIF4A1
52,SDF2L1
52,EIF5A
52,HSBP1
52,CCT2
52,RPL11
52,RPS16
52,RPS2
52,MRPL52
52,EIF4G1
52,DRAP1
52,ABCE1
52,ACO1
52,CD44
52,PAICS
52,GTPBP4
52,SNRPE
52,ACTR3
52,HNRNPD
52,TPM3
52,PSMA4
52,PHLDA2
52,IKBIP
52,PSMB7
52,CSTF3
52,MRPL3
52,FABP5
52,PTGES3
52,RND3
52,SNRPG
52,C1QBP
52,TOMM5
52,UAP1
52,FUS
52,TIMM17A
52,AP2S1
53,PRSS23
53,S100A6
53,CD63
53,TSPO
53,POLR2L
53,SERF2
53,ANXA2
53,OAZ1
53,RNASEK
53,BRI3
53,BCAP31
53,CD81
53,S100A11
53,ATP6V0E1
53,SYNGR1
53,PSG5
53,POLE4
53,IFITM2
53,IFITM3
53,CSTB
53,PFDN5
53,FXYD5
53,TMEM219
53,LGALS1
53,TRAM1
53,CYB5R3
53,WDR83OS
53,ATOX1
53,SELENOM
53,GNAS
53,TSPAN4
53,CYBA
53,C4orf48
53,CD99
53,SH3BGRL3
53,COPZ2
53,CTSZ
53,AKAP12
53,S100A13
53,APBB1IP
53,RABAC1
53,SRP14
53,CDK2AP1
53,MMP24OS
53,OST4
53,HLA-C
53,PRDX5
53,MARCKS
53,UQCR11
53,PPIC
54,FST
54,LUM
54,DCN
54,CEMIP
54,ANGPT1
54,CTSC
54,IGFBP4
54,HIF1A
54,S100A6
54,GAS6
54,FBLN1
54,FHL2
54,GAPDH
54,LDHA
54,EFNB2
54,JCAD
54,CRABP2
54,SRGN
54,TNC
54,STC2
54,IL6ST
54,UGCG
54,TPM2
54,ENO1
54,UGDH
54,BAG2
54,BNIP3
54,PGK1
54,CEBPD
54,LPAR1
54,TPI1
54,MGLL
54,CAVIN1
54,SPOCK1
54,TFRC
54,SDC4
54,ADAMTS1
54,GBE1
54,CXCL12
54,PALLD
54,RBPMS
54,SMAD3
54,FSCN1
54,BDNF
55,CRIP1
55,CETN2
55,NQO1
55,APC
55,CTSZ
55,LMNA
55,TUBA1A
55,CKB
55,FUCA2
55,ANXA1
55,TAGLN2
55,METRN
55,EMP1
55,FAM229B
55,LBH
55,CIB1
55,TOX
55,AHR
55,ILK
56,PPIB
56,MYDGF
56,CKAP4
56,TMED9
56,CALU
56,SSR2
56,CREB3L1
56,HSP90B1
56,P4HA1
56,FBN1
56,LMAN1
56,PDIA6
56,KDELR2
56,CD63
56,P4HA2
56,OSTC
56,TMED3
56,NR2F2
56,KDELR3
56,CALR
56,MAGED1
56,CNPY2
56,TENT5A
56,RABAC1
56,RCN1
56,SERPINH1
56,YIF1A
56,MAP1B
56,SSR3
56,KDELR1
56,SEC11A
56,LOX
56,FKBP11
56,MLEC
56,HDLBP
56,TMEM258
56,KRTCAP2
56,LOXL2
56,NME2
56,SEC61G
56,LMAN2
56,RAB2A
56,COL1A1
56,THY1
56,SSR1
56,EEF1B2
56,GOLGA4
56,VEGFC
56,CD59
56,PRDX1
57,CHCHD7
57,IL11
57,BORCS8
57,RSL24D1
57,BMI1
57,PAPSS1
57,PLK2
57,SMARCA1
